subreddit,category,audience,notes
SaaS,founder,SaaS founders,Noisy but useful for builder trends
B2BSaaS,founder,B2B SaaS founders,Good for pricing churn growth discussions
micro_saas,founder,Indie SaaS builders,Good for small product ideas
smallbusiness,buyer,Small business owners,Strong operational pain
agency,buyer,Agency owners,Good for client reporting and ops pain
consulting,buyer,Consultants,Good for client workflow pain
sales,buyer,Sales reps and managers,Good for CRM and follow-up pain
marketing,buyer,Marketers,Good for campaign and reporting pain
shopify,buyer,Ecommerce operators,Good app ecosystem and paid tool demand
recruiting,buyer,Recruiters,Good ATS and follow-up pain
humanresources,buyer,HR teams,Good onboarding and people ops pain
productmanagement,role,Product managers,Good workflow and feedback pain
sysadmin,role,IT/sysadmin,Strong tool complaints and budget clues
devops,role,DevOps engineers,Strong operational pain
webdev,role,Web developers,Tooling and client workflow pain
nocode,workflow,No-code builders,Good workaround and automation signal
automation,workflow,Automation builders,Strong workflow replacement signal
excel,workflow,Spreadsheet users,Manual workflow signals
googlesheets,workflow,Spreadsheet users,Manual workflow signals
Notion,tool,Notion users,Alternative and workflow pain
Airtable,tool,Airtable users,Workflow and pricing pain
HubSpot,tool,CRM users,Competitor dissatisfaction
salesforce,tool,CRM users,Enterprise pain but noisier
zapier,tool,Automation users,Pricing and workflow gaps
ClickUp,tool,PM users,Project management complaints
Asana,tool,PM users,Project management complaints
Webflow,tool,Webflow users,Agency and build workflow pain
Wordpress,tool,Website builders,Plugin and client pain
indiehackers,founder,Indie SaaS builders,Stack debates churn and pricing complaints
buildinpublic,founder,Indie builders posting their journey,High signal on tools they pay for and ditch
Entrepreneur,founder,Broad founder community,High volume but noisy
startups,founder,Startup founders,Standard early-stage pain
founder,founder,Generic founder sub,Pain stories and stack questions
microsaas,founder,Micro SaaS builders,Separate from micro_saas underscore sub
SideProject,founder,Side-project builders,Tool and monetization pain
ProductHunters,founder,Product Hunt community,Launch pain and stack debates
SaaSSolopreneurs,founder,Solo SaaS operators,Operational pain at small scale
SaasDevelopers,founder,SaaS engineers and builders,Build-side pain
AcquireStartup,founder,Micro-SaaS for sale,Why I am selling posts surface underserved niches
AiAutomations,workflow,AI automation builders,Direct workflow automation pain
MarketingAutomation,workflow,Marketing automation operators,Stack debates and complaints
n8nbusinessautomation,workflow,n8n business users,Workflow automation pain
AIToolsAndTips,tool,AI tool users,Reviews and complaints
SaaSSales,role,B2B SaaS sales reps,Outbound CRM and follow-up pain
freelance,buyer,Freelancers,Tooling and ops pain
WorkOnline,buyer,Remote workers,Tool stack pain
DigitalProductSellers,buyer,Digital product operators,Sales and operations pain
digitalnomad,buyer,Remote operators,Operational tooling pain
